{"cameraMode":{"drawMode":0,"name":"Shaded","section":"Shading Mode"},"sceneLighting":false,"audioPlay":false,"sceneViewState":{"showFog":true,"showMaterialUpdate":false,"showSkybox":false,"showFlares":true,"showImageEffects":true,"showParticleSystems":true},"in2DMode":false,"pivot":{"x":0.2799999713897705,"y":5.599999904632568,"z":43.5},"rotation":{"x":-0.2636614143848419,"y":0.11599084734916687,"z":-0.03194143623113632,"w":-0.9571015238761902},"size":4.669468402862549,"orthographic":false}