{"cameraMode":{"drawMode":0,"name":"Shaded","section":"Shading Mode"},"sceneLighting":false,"audioPlay":false,"sceneViewState":{"showFog":true,"showMaterialUpdate":false,"showSkybox":false,"showFlares":true,"showImageEffects":true,"showParticleSystems":true},"in2DMode":false,"pivot":{"x":2.384185791015625e-7,"y":5.590848922729492,"z":-10.13700008392334},"rotation":{"x":-0.25894930958747866,"y":0.4471094012260437,"z":-0.13699160516262055,"w":-0.8451576232910156},"size":3.173525094985962,"orthographic":false}