{"cameraMode":{"drawMode":0,"name":"Shaded","section":"Shading Mode"},"sceneLighting":false,"audioPlay":false,"sceneViewState":{"showFog":true,"showMaterialUpdate":false,"showSkybox":false,"showFlares":true,"showImageEffects":true,"showParticleSystems":true},"in2DMode":false,"pivot":{"x":0.2799999713897705,"y":5.599999904632568,"z":-7.800000190734863},"rotation":{"x":-0.03208170458674431,"y":0.9679677486419678,"z":-0.1794460117816925,"w":-0.1728314459323883},"size":3.1671130657196047,"orthographic":false}